product_name,brand_parent_company,product_brand,product_type,marketed_gender,retailer,size,size_measurement,count,price,price_per_unit,url,ingrediants
"Dove Purely Pampering More Moisturizing Than Bar Soap Shea Butter Beauty Bar For Softer Skin, 3.75 OZ, 6 Bars",Unilever,Dove,Body Wash,F,CVS,3.75,oz,6,9.79,0.435111111,https://www.cvs.com/shop/dove-purely-pampering-shea-butter-beauty-bar-4-oz-6-bar-prodid-1020428,"sodium lauroyl isethionate, stearic acid, sodium tallowate or sodium palmitate, lauric acid, sodium isethionate, water, sodium stearate, cocamidopropyl betaine, sodium cocoate or sodium palm kernelate, fragrance, butyrospermum parkii (shea butter) oil, propylene glycol, sodium chloride, tetrasodium edta, tetrasodium etidronate, titanium dioxide, yellow 5, yellow 6."
"Dove Men+Care More Moisturizing Than Bar Soap Charcoal + Clay Body and Face Bar to Hydrate Skin, 3.75 OZ",Unilever,Dove,Body Wash,M,CVS,3.75,oz,6,9.79,0.435111111,https://www.cvs.com/shop/dove-men-care-more-moisturizing-than-bar-soap-charcoal-clay-body-and-face-bar-to-hydrate-skin-3-75-oz-prodid-229451,"sodium lauroyl isethionate, stearic acid, sodium oleate, sodium stearate, water (aqua), sodium isethionate, lauric acid, sodium c14-16 olefin sulfonate, sodium laurate, fragrance (parfum), charcoal powder, kaolin, dipropylene glycol, sodium chloride, microcrystalline wax, tetrasodium edta, tetrasodium etidronate, titanium dioxide (ci 77891), red 33 (ci 17200), yellow 5 (ci 19140), blue 1 (ci 42090), red 4 (ci 14700)."
"Dove go fresh Body Wash, Blue Fig and Orange Blossom, 22 OZ",Unilever,Dove,Body Wash,F,CVS,22,oz,1,10.49,0.476818182,https://www.cvs.com/shop/dove-go-fresh-body-wash-22-oz-prodid-1013049,"water (aqua), cocamidopropylbetaine, sodium lauroylglycinate, sodium chloride, sodium lauroylisethionate, acrylates copolymer, lauricacid, glycerin, fragrance (parfum), styrene/acrylates copolymer, stearic acid, dmdm hydantoin, bht, sodium isethionate, peg-150 pentaerythrityltetrastearate, ppg-2 hydroxyethyl cocamide, tetrasodiumedta, etidronicacid, methylisothiazolinone, iodopropynylbutylcarbamate, propylene glycol, citric acid, blue 1 (ci 42090)."
Dove Men+Care Clean Comfort Body and Face Wash,Unilever,Dove,Body Wash,M,CVS,18,oz,1,10.49,0.582777778,https://www.cvs.com/shop/dove-men-care-clean-comfort-body-and-face-wash-18-oz-prodid-391394,"water, sodium laureth sulfate, petrolatum, acrylates copolymer, fragrance, cocamide mea, ppg-9, ammonium chloride, dmdm hydantoin, tetrasodium edta, methylisothiazolinone, bht, blue 1, red 33, yellow 5."
"NIVEA Refreshing Body Wash with Nourishing Serum, 20 OZ",Beiersdorf,Nivea,Body Wash,F,CVS,20,oz,1,8.79,0.4395,https://www.cvs.com/shop/nivea-refreshing-body-wash-with-nourishing-serum-20-oz-prodid-2620090,"water, sodium laureth sulfate, cocamidopropyl betaine, peg-7 glyceryl cocoate, glycerin, panthenol, helianthus annuus (sunflower) seed oil, prunus amygdalus dulcis (sweet almond) oil, glycine soja (soybean) oil, tocopheryl acetate, palmitic acid, stearic acid, myristic acid, arachidic acid, oleic acid, sodium chloride, peg-3 distearate, citric acid, peg-40 hydrogenated castor oil, peg-200 hydrogenated glyceryl palmate, peg-90 glyceryl isostearate, polyquaternium-7, laureth-2, fragrance, sodium benzoate, sodium hydroxide, benzophenone-4, red 40, blue 1"
NIVEA MEN Maximum Hydration Body Wash,Beiersdorf,Nivea,Body Wash,M,CVS,16.9,oz,1,5.99,0.35443787,https://www.cvs.com/shop/nivea-men-maximum-hydration-body-wash-16-9-oz-prodid-1012993,"water, glycerin, sodium laureth sulfate, cocamidopropyl betaine, peg-7 glyceryl cocoate, helianthus annuus (sunflower) seed oil, aloe barbadensis leaf juice powder, peg-3 distearate, peg-200 hydrogenated glyceryl palmate, peg-40 hydrogenated castor oil, polyquaternium-7, fragrance, sodium chloride, citric acid, sodium benzoate"
"Suave Essentials Body Wash, Creamy Cocoa Butter and Shea 15 OZ",Unilever,Suave,Body Wash,F,CVS,15,oz,1,2.19,0.146,https://www.cvs.com/shop/suave-essentials-body-wash-15-oz-prodid-1013034,"water (aqua), sodium c12-13 pareth sulfate, cocamidopropylbetaine,sodium chloride, fragrance (parfum), sodium benzoate, glycol stearate, ppg - 9, citric acid,polyquaternium-10, tetrasodium edta, glycerin,stearamide amp, hydrolyzed milk protein,tocopheryl acetate, theobroma cacao (cocoa) seedbutter, butyrospermum parkii (shea) butter, honey extract, amyl cinnamal , benzyl alcohol, hexyl cinnamal, limonene, linalool,blue 1 (ci 42090), red 33 (ci1720 0 ), yellow 5 (ci 1914 0)"
"Suave Men Sport Body Wash, 15 OZ",Unilever,Suave,Body Wash,M,CVS,15,oz,1,2.19,0.146,https://www.cvs.com/shop/suave-men-sport-body-wash-15-oz-prodid-1012941,"water (aqua), sodium c12-13 pareth sulfate, cocamidopropyl betaine, sodium chloride, fragrance (parfum), sodium benzoate, citric acid, tetrasodium edta, ppg-9, glycerin, blue 1 (ci 42090), red 33(ci 17200)"
Suave Antiperspirant Deodorant,Unilever,Suave,Deodorant,F,Walgreens,2.6,oz,1,2.99,1.15,https://www.walgreens.com/store/c/suave-antiperspirant-deodorant-powder/ID=prod1645736-product,aluminum zirconium tetrachlorihydrex gly - 15.2 % (anti-perspirant)
Suave for Men Active Sport Antiperspirant Deodorant,Unilever,Suave,Deodorant,M,Walgreens,2.7,oz,1,2.49,0.922222222,https://www.walgreens.com/store/c/suave-antiperspirant-deodorant/ID=prod6393148-product,"aluminum zirconium tetrachlorohydrex gly - 18.2 % (antiperspirant) inactive: cyclopentasiloxane, isopropyl palmitate, stearyl alcohol, mineral oil, talc, hydrogenated castor oil, fragrance (parfum), steareth-100, bht"
Degree Antiperspirant Deodorant Stick Shower Clean For Sweat and Odor Protection 24-Hour Protection,Unilever,Degree,Deodorant,F,CVS,2.6,oz,1,5.49,2.111538462,https://www.cvs.com/shop/degree-women-shower-clean-dry-protection-antiperspirant-deodorant-prodid-1011112,
"Degree Men Sport 48 Hour Protection Antiperspirant Deodorant Stick, 2.7 OZ",Unilever,Degree,Deodorant,M,CVS,2.7,oz,1,5.49,2.033333333,https://www.cvs.com/shop/degree-men-original-protection-sport-antiperspirant-deodorant-2-7-oz-prodid-1011147,aluminum zirconium tetrachlorohydrex gly (18.2%)
"Dove Advanced Care Antiperspirant Deodorant, Cool Essentials, 2.6 OZ",Unilever,Dove,Deodorant,F,CVS,2.6,oz,1,6.99,2.688461538,https://www.cvs.com/shop/dove-advanced-care-antiperspirant-deodorant-2-6-oz-prodid-1011166,aluminum zirconium tetrachlorohydrex gly (15.2%)
"Dove Men+Care 48 Hour Sweat and Body Odor Protection Clean Comfort Antiperspirant Deodorant Non Irritant, 2.7 oz, Twin Pack",Unilever,Dove,Deodorant,M,CVS,2.7,oz,2,15.49,2.868518519,https://www.cvs.com/shop/dove-men-care-48-hour-sweat-and-body-odor-protection-clean-comfort-antiperspirant-deodorant-non-irritant-2-7-oz-twin-pack-prodid-2620110,
"Suave Professionals Moroccan Infusion Shine Shampoo, 12.6 OZ",Unilever,Suave,Hair Care,F,CVS,12.6,oz,1,4.49,0.356349206,https://www.cvs.com/shop/suave-professionals-moroccan-infusion-shine-shampoo-12-6-oz-prodid-1014926,"water (aqua), sodium laureth sulfate, cocamidopropyl betaine, sodium chloride, glycol distearate, dimethiconol, glycerin, fragrance (parfum), carbomer, guar hydroxypropyltrimonium chloride, tea-dodecylbenzenesulfonate, citric acid, ppg-9, tetrasodium edta, dmdm hydantoin, peg-45m, prunus amygdalus dulcis (sweet almond) oil, argania spinosa kernel oil, cocos nucifera (coconut) oil, methylchloroisothiazolinone, methylisothiazolinone, red 33 (ci 17200), yellow 5 (19140)"
Suave Men Ocean Charge 2-in-1 Shampoo and Conditioner,Unilever,Suave,Hair Care,M,CVS,12.6,oz,1,3.79,0.300793651,https://www.cvs.com/shop/suave-men-ocean-charge-2-in-1-shampoo-and-conditioner-prodid-1014950,"water (aqua), sodium laureth sulfate, cocamidopropyl betaine, dimethiconol, sodium chloride, fragrance (parfum), carbomer, glycol distearate, guar hydroxypropyltrimonium chloride, tea-dodecylbenzenesulfonate, tetrasodium edta, dmdm hydantoin, citric acid, ppg-9, panthenol, methylchloroisothiazolinone, methylisothiazolinone, blue 1 (ci 42090), red 33 (ci 17200)"
TIGI Bed Head Fully Loaded Massive Volume Shampoo - 8.45 oz Shampoo,Unilever,TIGI,Hair Care,F,Walmart,8.45,oz,1,15.5,1.834319527,https://www.walmart.com/ip/TIGI-Bed-Head-Fully-Loaded-Massive-Volume-Shampoo-8-45-oz-Shampoo/347913740,
TIGI Bed Head for Men Wise Up Scalp Shampoo - 8.45 oz Shampoo,Unilever,TIGI,Hair Care,M,Walmart,8.45,oz,1,15,1.775147929,https://www.walmart.com/ip/TIGI-Bed-Head-for-Men-Wise-Up-Scalp-Shampoo-8-45-oz-Shampoo/138129262,"water, aqua, eau, sodium laureth sulfate, cocamidopropyl betaine, acrylates copolymer, dimethiconol, phenoxyethanol, dimethicone, fragrance, parfum, sodium chloride, caffeine, charcoal powder, guar hydroxypropyltrimonium chloride, citric acid, zinc pyrithione, zinc sulfate, laureth-23, tea-dodecylbenzenesulfonate, sodium benzoate, poloxamer 407, laureth-4, methylisothiazolinone, sodium polynaphthalenesulfonate, peg-4, xanthan gum, cellulose gum, dmdm hydantoin, ppg-9, butylphenyl methylpropional, geraniol, hexyl cinnamal, limonene, linalool, blue 1, ci 42090, red 33, ci 17200, yellow 5, ci 19140,"
"Head & Shoulders Supreme Shampoo, Soothe and Strengthen, 11.8 Fl Oz",Proctor & Gamble,Head & Shoulders,Hair Care,F,Walmart,11.8,oz,1,8.97,0.760169492,https://www.walmart.com/ip/Head-and-Shoulders-Supreme-Shampoo-Soothe-and-Strengthen-11-8-Fl-Oz/649641793,pyrithione zinc 1%
"Head & Shoulders Dandruff Shampoo, Old Spice Swagger, 12.8 fl oz",Proctor & Gamble,Head & Shoulders,Hair Care,M,Walmart,12.8,oz,1,5.87,0.45859375,https://www.walmart.com/ip/Head-Shoulders-Dandruff-Shampoo-Old-Spice-Swagger-12-8-fl-oz/767895479,pyrithione zinc 1%
"Gold Bond Ultimate Softening Skin Therapy Lotion With Shea Butter for Rough & Dry Skin, 14 OZ",Sanofi,Gold Bond,Lotion,F,CVS,14,oz,1,10.99,0.785,https://www.cvs.com/shop/gold-bond-ultimate-softening-skin-therapy-lotion-with-shea-butter-for-rough-dry-skin-14-oz-prodid-447927,"water, glycerin, hydroxyethyl urea, dimethicone, cocos nucifera (coconut) oil, jojoba esters, petrolatum, steareth-21, cetyl alcohol, distearyldimonium chloride, aloe barbadensis leaf juice, stearyl alcohol, cyclopentasiloxane, cetearyl alcohol, behentrimonium methosulfate, butyrospermum parkii (shea) butter extract, glyceryl stearate, methyl gluceth-20, theobroma cacao (cocoa) seed butter, silk amino acids, panthenol, ceramide ng, chamomilla recutita (matricaria) flower extract, magnesium ascorbyl phosphate, tocopheryl acetate, retinyl palmitate, hydrolyzed jojoba esters, palmitoyl hexapeptide-12, lavandula angustifolia (lavender) extract, acacia farnesiana flower extract, ethylhexylglycerin, peg-10 phytosterol, butylene glycol, dimethiconol, c12-15 alkyl benzoate, propylene glycol, stearamidopropyl pg-dimonium chloride phosphate, hydrolyzed collagen, polysorbate 60, edta, methylparaben, fragrance, potassium hydroxide, rosmarinus officinalis (rosemary) leaf extract, isopropyl myristate, tribehenin (333-046)"
"Gold Bond Ultimate Men's Everyday Moisture Lotion, 14.5 OZ",Sanofi,Gold Bond,Lotion,M,CVS,14.5,oz,1,10.99,0.757931035,https://www.cvs.com/shop/gold-bond-ultimate-men-s-everyday-moisture-lotion-14-5-oz-prodid-1013341,water; hydroxyethyl urea; dimethicone; glycerin; petrolatum; aloe barbadensis leaf juice; stearyl alcohol; glyceryl stearate; steareth-21; tocopheryl acetate; magnesium ascorbyl phosphate; niacinamide; panthenol; jojoba esters; cocodimonium hydroxypropyl hydrolyzed rice protein; silk amino acids; palmitoyl hexapeptide-12; hydrolyzed jojoba esters; ceramide 2; distearyldimonium chloride; stearamidopropyl pg-dimonium chloride phosphate; polysorbate 60; methyl gluceth-20; behentrimonium methosulfate; propylene glycol; cetyl alcohol; diazolidinyl urea; cetearyl alcohol; methylparaben; potassium hydroxide; propylparaben; c12-15 alkyl benzoate; tribehenin; butylene glycol; peg-10 phytosterol; edta; fragrance
"NIVEA Oil Infused Body Lotion, 16.9 OZ",Beiersdorf,Nivea,Lotion,F,CVS,16.9,oz,1,9.29,0.549704142,https://www.cvs.com/shop/nivea-oil-infused-body-lotion-prodid-1680001,"water, glycerin, dicaprylyl ether, alcohol denat., glyceryl stearate se, isopropyl palmitate, cetearyl alcohol, dimethicone, simmondsia chinensis (jojoba) seed oil , sodium cetearyl sulfate, phenoxyethanol, fragrance, carbomer, sodium hydroxide, trisodium edta"
"NIVEA MEN Maximum Hydration 3 in 1 Nourishing Body Lotion, 16.9 OZ",Beiersdorf,Nivea,Lotion,M,CVS,16.9,oz,1,9.29,0.549704142,https://www.cvs.com/shop/nivea-men-maximum-hydration-3-in-1-nourishing-lotion-16-9-oz-prodid-1013202,"water, glycerin, isopropyl palmitate, alcohol denat., glyceryl stearate se, c12-15 alkyl benzoate, cetearyl alcohol, dimethicone, aloe barbadensis leaf juice powder, tapioca starch, hydroxyacetophenone, sodium cetearyl sulfate, fragrance, carbomer, sodium hydroxide, xanthan gum, phenoxyethanol, benzoic acid"
"Beauty 360 3-Blade Women's Disposable Razors, 4CT",CVS Health,CVS,Razor,F,CVS,,,4,4.99,1.2475,https://www.cvs.com/shop/beauty-360-3-blade-women-s-disposable-razors-4ct-prodid-452121,
CVS 3 Blade Disposable Razors for Sensitive Skin,CVS Health,CVS,Razor,M,CVS,,,4,7.99,1.9975,https://www.cvs.com/shop/beauty-360-3-blade-disposable-razors-for-sensitive-skin-prodid-955865,
Gillette Venus Extra Smooth Sensitive Women's Disposable Razors - 2 Pack 5 Blades,Proctor & Gamble,Gillette,Razor,F,CVS,,,2,13.49,6.745,https://www.cvs.com/shop/gillette-venus-embrace-sensitive-disposable-razors-2-pack-prodid-1010456,
"Gillette Sensor5 Men's Disposable Razor, 2 count 5 blades",Proctor & Gamble,Gillette,Razor,M,CVS,,,2,14.49,7.245,https://www.cvs.com/shop/gillette-sensor-5-disposable-razors-2-ct-prodid-1750132,
"Schick Hydro Silk Women's Disposable Razor, 3 CT",Edgewell Personal Care,Schick,Razor,F,CVS,,,3,14.49,4.83,https://www.cvs.com/shop/schick-hydro-silk-women-s-disposable-razor-3ct-prodid-916550,
"Schick Xtreme5 Precision Trim Disposable Razors, 2 CT",Edgewell Personal Care,Schick,Razor,M,CVS,,,2,8.99,4.495,https://www.cvs.com/shop/schick-xtreme5-precision-trim-disposable-razors-2-ct-prodid-2600191,
Gillette Venus ComfortGlide Vanilla Creme Women's Razor Blades - 4 Refills,Proctor & Gamble,Gillette,Razor Cartridges,F,CVS,,,4,17.49,4.3725,https://www.cvs.com/shop/gillette-venus-comfortglide-vanilla-creme-women-s-razor-blades-4-refills-prodid-1760112,
Gillette Mach3 Men's Razor Blade Refils,Proctor & Gamble,Gillette,Razor Cartridges,M,CVS,,,4,14.99,3.7475,https://www.cvs.com/shop/gillette-mach3-men-s-razor-blade-refils-prodid-1011706,
Schick Quattro For Women Razor Blade Refills,Edgewell Personal Care,Schick,Razor Cartridges,F,CVS,,,6,15.99,2.665,https://www.cvs.com/shop/schick-quattro-for-women-refill-razor-blades-prodid-1130257,
"Schick Quattro Titanium Razor Blade Refills Value Pack, 6 CT",Edgewell Personal Care,Schick,Razor Cartridges,M,CVS,,,6,13.99,2.331666667,https://www.cvs.com/shop/schick-quattro-titanium-razor-blade-refills-value-pack-6ct-prodid-1090410,
Gillette Venus with Olay UltraMoisture Violet Swirl Shave Gel 6oz,Proctor & Gamble,Gillette,Shaving Cream,F,CVS,6,oz,1,4.69,0.781666667,https://www.cvs.com/shop/gillette-venus-with-olay-ultramoisture-violet-swirl-shave-gel-6-0-oz-prodid-1011603,"water/eau, glycerin, palmitic acid, triethanolamine, isopentane, glyceryl oleate, stearic acid, fragrance/parfum, isobutane, sorbitol, panthenol, hydroxyethylcellulose, peg-23m, peg-90m, bht, tocopheryl acetate, glyceryl acrylate/acrylic acid copolymer, butyrospermum parkii (shea) butter extract, pvm/ma copolymer, red 33, green 3"
Gillette TGS Series Shave Gel Sensitive 7 oz,Proctor & Gamble,Gillette,Shaving Cream,M,CVS,7,oz,1,3.99,0.57,https://www.cvs.com/shop/gillette-tgs-series-sensitive-shave-gel-7-oz-prodid-1011462,"water, palmitic acid, triethanolamine, isopentane, glyceryl oleate, stearic acid, isobutane, sorbitol, fragrance, hydroxyethylcellulose, glycerin, peg-90m, menthol, bht, aloe barbadensis leaf juice, green 3, blue 1"
"Skintimate Skin Therapy Sensitive Skin Shave Gel, 7 OZ",Edgewell Personal Care,Skintimate,Shaving Cream,F,CVS,7,oz,1,3.99,0.57,https://www.cvs.com/shop/skintimate-skin-therapy-shave-gel-sensitive-skin-7-oz-prodid-2640007,"water/eau, palmitic acid, triethanolamine, sunflower seed oil glyceride, isopentane, sorbitol, stearic acid, isobutane, pvp, tocopheryl acetate, peg-90m, hydrogenated vegetable oil, olea europaea (olive) fruit oil, aloe barbadensis leaf juice, fragrance/parfum, titanium dioxide, red 40"
Edge Sensitive Skin Shave Gel,Edgewell Personal Care,Edge,Shaving Cream,M,CVS,7,oz,1,3.99,0.57,https://www.cvs.com/shop/edge-sensitive-skin-shave-gel-prodid-1011625,"water / eau, palmitic acid, triethanolamine, sunflower seed oil glyceride, isopentane, sorbitol, stearic acid, isobutane, pvp, fragrance / parfum, peg-90m, aloe barbadensis leaf juice, blue 1"
"NIVEA Refreshing Body Wash with Nourishing Serum, Fresh Aloe and Lilly - 20 fl oz",Beiersdorf,Nivea,Body Wash,F,Rite Aid,20,oz,1,7.79,0.3895,https://www.riteaid.com/shop/nivea-refreshing-body-wash-fresh-aloe-lilly-20-fl-oz,"water, sodium laureth sulfate, cocamidopropyl betaine, peg-7 glyceryl cocoate, glycerin, pentylene glycol, aloe barbadensis leaf juice powder, helianthus annuus (sunflower) seed oil, prunus amygdalus dulcis (sweet almond) oil, glycine soja (soybean) oil, tocopheryl acetate, palmitic acid, stearic acid, myristic acid, arachidic acid, oleic acid, sodium chloride, peg-3 distearate, citric acid, peg-40 hydrogenated castor oil, peg-200 hydrogenated glyceryl palmate, peg-90 glyceryl isostearate, polyquaternium-7, glyceryl stearate, xanthan gum, fragrance, sodium benzoate, benzoic acid"
Nivea Men Maximum Hydration Body Wash - 16.9 fl oz,Beiersdorf,Nivea,Body Wash,M,Rite Aid,16.9,oz,1,3.79,0.224260355,https://www.riteaid.com/shop/nivea-men-maximum-hydration-3-in-1-body-wash-16-9-fl-oz,"water, glycerin, sodium laureth sulfate, cocamidopropyl betaine, peg-7 glyceryl cocoate, helianthus annuus (sunflower) seed oil, aloe barbadensis leaf juice powder, peg-3 distearate, peg-200 hydrogenated glyceryl palmate, peg-40 hydrogenated castor oil, polyquaternium-7, fragrance, sodium chloride, citric acid, sodium benzoate"
"Suave Body Wash Essentials, Aloe & Rose Water - 15 oz",Unilever,Suave,Body Wash,F,Rite Aid,15,oz,1,1.99,0.132666667,https://www.riteaid.com/shop/suave-body-wash-essentials-aloe-rose-water-15-oz,
"Suave Men Body Wash - Refresh, 15 fl oz",Unilever,Suave,Body Wash,M,Rite Aid,15,oz,1,1.99,0.132666667,https://www.riteaid.com/shop/suave-men-body-wash-refresh-15-oz,
"Degree Women UltraClear Antiperspirant Deodorant, Black+White Pure Rain - 2.6 oz",Unilever,Degree,Deodorant,F,Rite Aid,2.6,oz,1,4.29,1.65,https://www.riteaid.com/shop/degree-women-ultraclear-antiperspirant-deodorant-black-white-pure-clean-2-6-oz,aluminum zirconium tetrachlorohydrex gly (11.4%)
Degree Men Antiperspirant Deodorant Stick Extreme Blast - 2.7 oz,Unilever,Degree,Deodorant,M,Rite Aid,2.7,oz,1,3.19,1.181481481,https://www.riteaid.com/shop/degree-men-dry-protection-antiperspirant-deodorant-extreme-blast-2-7-oz-76-g-0321660,aluminum zirconium tetrachlorohydrex gly (18.2%)
"Dove Advanced Care Antiperspirant Deodorant Stick, Beauty Finish - 2.6 oz",Unilever,Dove,Deodorant,F,Rite Aid,2.6,oz,1,5.49,2.111538462,https://www.riteaid.com/shop/dove-advanced-care-antiperspirant-deodorant-beauty-finish-beauty-finish-2-6oz-0306848,aluminum zirconium tetrachlorohydrex gly (15.2%)
"Dove Men+Care Antiperspirant Deodorant, Clean Comfort - 2.7 oz",Unilever,Dove,Deodorant,M,Rite Aid,2.7,oz,1,5.29,1.959259259,https://www.riteaid.com/shop/dove-men-care-anti-perspirant-clean-comfort-2-7-oz-76-g-0365905,"cyclopentasiloxane, stearyl alcohol, c12-15 alkyl benzoate, ppg-14 butyl ether, hydrogenated castor oil, fragrance (parfum), dimethicone, polyethylene, helianthus annuus (sunflower) seed oil, steareth-100, bht, tocopheryl acetate vitamin e acetate."
"Mitchum Women's Antiperspirant Deodorant Gel, Powder Fresh - 3.4 oz",Revlon,Mitchum,Deodorant,F,Rite Aid,3.4,oz,1,4.39,1.291176471,https://www.riteaid.com/shop/mitchum-anti-perspirant-deodorant-for-women-clear-gel-powder-fresh-3-4-oz-96-g-0336798,aluminum sesquichlorohydrate (25%)
"Mitchum Men's Antiperspirant Deodorant Invisible Solid, Clean Control - 2.7 oz",Revlon,Mitchum,Deodorant,M,Rite Aid,2.7,oz,1,2.99,1.107407407,https://www.riteaid.com/shop/mitchum-advanced-control-anti-perspirant-deodorant-invisible-solid-clean-control-2-7-oz-76-g-0365897,aluminum zirconium tetrachlorohydrex gly (20%)
Invisible Dry Antiperspirant & Deodorant Solid Powder Fresh,Colgate-Palmolive,Speed Stick,Deodorant,F,Walgreens,2.3,oz,1,2.99,1.3,https://www.walgreens.com/store/c/lady-speed-stick-by-mennen-invisible-dry-antiperspirant-%26-deodorant-solid-powder-fresh/ID=prod2257-product,aluminum zirconium tetrachlorohydrex gly (15.4%) (antiperspirant)
Power Antiperspirant & Deodorant Solid Powder Fresh,Colgate-Palmolive,Speed Stick,Deodorant,M,Walgreens,3.25,oz,1,2.99,0.92,https://www.walgreens.com/store/c/speed-stick-by-mennen-power-antiperspirant-%26-deodorant-solid-powder-fresh/ID=prod6084900-product,aluminum zirconium tetrachlorohydrex gly - 16 % (antiperspirant)
Suave Professionals Shampoo Deep Moisture,Unilever,Suave,Hair Care,F,Walgreens,12.6,oz,1,2.79,0.221428571,https://www.walgreens.com/store/c/suave-professionals-shampoo-deep-moisture/ID=prod6144685-product,"water (aqua), sodium laureth sulfate, cocamidopropyl betaine, sodium chloride, glycerin, dimethiconol, fragrance (parfum), carbomer, guar hydroxypropyltrimonium chloride, tea-dodecylbenzenesulfonate, ppg-9, tetrasodium edta, tea-sulfate, dmdm hydantoin, citric acid, peg-45m, hydrolyzed keratin, panthenol, methylchloroisothiazolinone, methylisothiazolinone, mica (ci 77019), titanium dioxide (ci 77891)"
Suave Professionals Clarifying Shampoo Ocean Charge,Unilever,Suave,Hair Care,M,Walgreens,12.6,oz,1,3.99,0.316666667,https://www.walgreens.com/store/c/suave-professionals-clarifying-shampoo-ocean-charge/ID=300199083-product?ext=gooBeauty+-+SSC+TestAd+group___local&gclsrc=aw.ds&&gclid=CjwKCAiAvaGRBhBlEiwAiY-yME9VjjXbeCzKJLhckhpYMHvPqKVd_ogMdpnzTy0tFcBoOb4VCcBPrRoC1EcQAvD_BwE,"water (aqua), sodium c12-13 pareth sulfate, cocamidopropyl betaine, sodium chloride, dimethiconol, sodium benzoate, citric acid, fragrance (parfum), carbomer, glycol distearate, ppg-9, sodium laureth sulfate, tea-dodecylbenzenesulfonate, disodium edta, guar hydroxypropyltrimonium chloride, cocamide mea, propylene glycol, panthenol, amyl cinnamal, benzyl alcohol, limonene, linalool, blue 1 (cl 42090), red 33 (cl 17200)"
Dove Shampoo Coconut & Hydration,Unilever,Dove,Hair Care,F,Walgreens,12,oz,1,4.99,0.415833333,https://www.walgreens.com/store/c/dove-shampoo-coconut-%26-hydration/ID=prod6345227-product,"water (aqua), sodium laureth sulfate, cocamidopropyl betaine, sodium chloride, sodium gluconate, fragrance (parfum), glycerin, sodium benzoate, citric acid, ppg-9, polyquaternium-10, disodium edta, vitis vinifera (grape) seed oil, prunus amygdalus dulcis (sweet almond) oil, simmondsia chinensis (jojoba) seed oil, cocos nucifera (coconut) oil, cocos nucifera (coconut) liquid endosperm, citrus aurantifolia (lime) juice, citronellol, limonene, linalool"
Dove Men+Care Shampoo Charcoal + Clay,Unilever,Dove,Hair Care,M,Walgreens,12,oz,1,6.49,0.540833333,https://www.walgreens.com/store/c/dove-men-care-shampoo-charcoal---clay/ID=prod6393505-product,"water (eau), sodium laureth sulfate, cocamidopropyl betaine, sodium chloride, fragrance (parfum), citric acid, sodium benzoate, carbomer, ppg-9, polyquaternium-10, disodium edta, charcoal powder, kaolin, propylene glycol, alpha-isomethyl ionone, coumarin, eugenol, hexyl cinnamal, limonene, linalool, blue i (ci 42090)"
Vaseline Lotion Advanced Repair Unscented,Unilever,Vaseline,Lotion,F,Walgreens,10,oz,1,3.49,0.349,https://www.walgreens.com/store/c/vaseline-lotion-advanced-repair-unscented/ID=prod1401663-product,"water (aqua), glycerin, stearic acid, isopropyl palmitate, glycol stearate, peg-100 stearate, mineral oil, dimethicone, glyceryl stearate, petrolatum, cetyl alcohol, phenoxyethanol, acrylates/c10-30 alkyl acrylate crosspolymer, methylparaben, triethanolamine, propylparaben, stearamide amp, disodium edta, isopropyl myristate, cedrol"
Vaseline Men Fast Absorbing Body Lotion Fast Absorbing,Unilever,Vaseline,Lotion,M,Walgreens,20.3,oz,1,6.99,0.344334975,https://www.walgreens.com/store/c/vaseline-fast-absorbing-body-lotion-fast-absorbing/ID=prod4178298-product,"water (aqua), glycerin, stearic acid, isopropyl myristate, mineral oil, glyceryl stearate, glycol stearate, dimethicone, peg-100 stearate, petrolatum, cetyl alcohol, tapioca starch, phenoxyethanol, fragrance (parfum), magnesium aluminum silicate, methylparaben, acrylates/c10-30 alkyl acrylate crosspolymer, propylparaben, disodium edta, xanthan gum, stearamide amp, titanium dioxide (ci 77891)"
BIC Soleil Twilight 3 Blade Razors - 4 pk,BIC,BIC,Razor,F,Rite Aid,,,4,5.29,1.3225,https://www.riteaid.com/shop/bic-soleil-twilight-shavers-triple-blade-for-women-lavender-scented-handles-4-shavers-0340375,
"BIC Comfort 3 Men's Razors, Sensitive Skin - 4 ct",BIC,BIC,Razor,M,Rite Aid,,,4,2.89,0.7225,https://www.riteaid.com/shop/bic-comfort-3-shavers-for-men-sensitive-skin-4-shavers-0321825,
Schick Intuition Island Berry Women's Razor - 1 Razor Handle + 2 Refills,Edgewell Personal Care,Schick,Razor,F,Rite Aid,,,1,11.99,11.99,https://www.riteaid.com/shop/schick-intuition-island-berry-womens-razor-1-razor-handle-plus-2-refill-razor-blades,
Schick Hydro Sensitive 5-Blade Razor Handle + 2 Refill Razor Blades Kit,Edgewell Personal Care,Schick,Razor,M,Rite Aid,,,1,9.99,9.99,https://www.riteaid.com/shop/schick-hydro-sensitive-5-blade-razor-handle-2-refill-razor-blades-kit,
Gillette Venus Extra Smooth Disposable Women's Razors - 2 ct,Proctor & Gamble,Gillette,Razor,F,Rite Aid,,,2,9.59,4.795,https://www.riteaid.com/shop/gillette-razors-disposable-5-blades-2-razors-8016459,
Gillette Sensor5 Men's Disposable Razor - 2 ct,Proctor & Gamble,Gillette,Razor,M,Rite Aid,,,2,9.49,4.745,https://www.riteaid.com/shop/gillette-sensor5-disposable-razors-2-ct-carded-pack-8022162,
Gillette Venus Extra Smooth Sensitive Women's Razor Blade Refills - 4 ct,Proctor & Gamble,Gillette,Razor Cartridges,F,Rite Aid,,,4,23.99,5.9975,https://www.riteaid.com/shop/gillette-venus-embrace-sensitive-women-s-razor-4-count-0354203,
Gillette Fusion5 Men's Razor Cartridge - 4 ct,Proctor & Gamble,Gillette,Razor Cartridges,M,Rite Aid,,,4,17.99,4.4975,https://www.riteaid.com/shop/gillette-fusion-5-refill-cartridges-4-ct-0347913,
BIC Soleil Click Women's Razor System,BIC,BIC,Razor,F,Walgreens,,,1,6.79,6.79,https://www.walgreens.com/store/c/bic-soleil-click-women's-razor-system/ID=300412716-product,
BIC Flex 5 Hybrid Men's Disposable Razor,BIC,BIC,Razor,M,Walgreens,,,1,6.79,6.79,https://www.walgreens.com/store/c/bic-flex-5-hybrid-men's-disposable-razor/ID=prod6395418-product,
Schick Hydro Silk Razor Refills,Edgewell Personal Care,Schick,Razor Cartridges,F,Walgreens,,,4,16.49,4.1225,https://www.walgreens.com/store/c/schick-hydro-silk-razor-refills/ID=prod6104933-product,
Schick Hydro Skin Comfort Dry Skin Men's 5-Blade Razor Refills,Edgewell Personal Care,Schick,Razor Cartridges,M,Walgreens,,,4,15.49,3.8725,https://www.walgreens.com/store/c/schick-hydro-skin-comfort-dry-skin-men's-5-blade-razor-refills/ID=prod6016280-product,
Daylogic Womens 5 Blade Easyfit Refills - 4 ct,Walgreens Boots Alliance,Daylogic,Razor Cartridges,F,Rite Aid,,,4,9.99,2.4975,https://www.riteaid.com/shop/daylogic-womens-5-blade-easyfit-refills-4-ct,
Daylogic Mens 5 Blade Easyfit Refills - 4 ct,Walgreens Boots Alliance,Daylogic,Razor Cartridges,M,Rite Aid,,,4,10.29,2.5725,https://www.riteaid.com/shop/daylogic-mens-5-blade-easyfit-refills-4-ct?gclid=CjwKCAiAvaGRBhBlEiwAiY-yMOVGT4hS-JaPT2SNanaw27aS5eiZWL5gttqLvwZc1EfAjpKNknxNKBoCrOEQAvD_BwE,
Schick Hydro Silk Sensitive Care Women's Razor Blade Refills - 4 ct,Edgewell Personal Care,Schick,Razor Cartridges,F,Rite Aid,,,4,16.19,4.0475,https://www.riteaid.com/shop/schick-hydro-silk-sensitive-care-refill-razor-blade-4-count-0354193,
"Schick Hydro Skin Comfort Sensitive, 5 Blade Razor Refills - 4 ct",Edgewell Personal Care,Schick,Razor Cartridges,M,Rite Aid,,,4,12.99,3.2475,https://www.riteaid.com/shop/schick-hydro-5-sensitive-refill-razor-blade-4-count-0354195,
Skintimate Skin Therapy Dry Skin Shave Gel - 7 oz,Edgewell Personal Care,Skintimate,Shaving Cream,F,Rite Aid,7,oz,1,2.99,0.427142857,https://www.riteaid.com/shop/skintimate-shave-gel-lotionized-dry-skin-7-oz-198-g-0038406,"water/eau, palmitic acid, triethanolamine, sunflower seed oil glyceride, isopentane, sorbitol, stearic acid, isobutane, lanolin alcohol, pvp, tocopheryl acetate, peg-90m, hydrogenated vegetable oil, olea europaea (olive) fruit oil, fragrance/parfum, titanium dioxide, red 40"
Edge Extra Moisturizing Shave Gel - 7 oz,Edgewell Personal Care,Edge,Shaving Cream,M,Rite Aid,7,oz,2,2.99,0.427142857,https://www.riteaid.com/shop/edge-shave-gel-extra-moisturizing-with-vitamin-e-value-size-7-oz-0300138,"water, palmitic acid, triethanolamine, sunflower seed oil glyceride, isopentane, sorbitol, stearic acid, isobutane, pvp, fragrance, glycerin, peg/ppg-17/6 copolymer, panthenol, tocopheryl acetate, peg-90m, phytantriol, blue 1"
Gillette Venus UltraMoisture Shave Gel Violet Swirl,Proctor & Gamble,Gillette,Shaving Cream,F,Walgreens,6,oz,1,4.99,0.831666667,https://www.walgreens.com/store/c/gillette-venus-ultramoisture-shave-gel-violet-swirl/ID=prod6346019-product,"water/eau, glycerin, palmitic acid, triethanolamine, isopentane, glyceryl oleate, stearic acid, fragrance/parfum, isobutane, sorbitol, panthenol, hydroxyethylcellulose, peg-23m, peg-90m, bht, tocopheryl acetate, glyceryl acrylate/acrylic acid copolymer, butyrospermum parkii (shea) butter extract, pvm/ma copolymer, red 33, green 3"
Gillette Series Moisturizing Shave Gel,Proctor & Gamble,Gillette,Shaving Cream,M,Walgreens,7,oz,1,3.99,0.57,https://www.walgreens.com/store/c/gillette-series-moisturizing-shave-gel/ID=prod1940-product,"water, glycerin, palmitic acid, triethanolamine, isopentane, glyceryl oleate, stearic acid, isobutane, sorbitol, fragrance, hydroxyethylcellulose, menthol, peg-90m, bht, peg-23m, theobroma cacao (cocoa) seed butter, green 3, blue 1"
Skintimate Skin Therapy Silky Skin Women's Shave Gel,Edgewell Personal Care,Skintimate,Shaving Cream,F,Walgreens,7,oz,1,3.49,0.498571429,https://www.walgreens.com/store/c/skintimate-skin-therapy-silky-skin-women's-shave-gel/ID=prod6260383-product,"water, palmitic acid, triethanolamine, sunflower seed oil glyceride, isopentane, sorbitol, stearic acid, isobutane, pvp, tocopheryl acetate, peg-90m, hydrogenated vegetable oil, olea europaea (olive) fruit oil, argania spinosa kernel oil, butyrospermum parkii (shea) butter, fragrance, titanium dioxide, red 40, lanolin alcohol"
Edge Extra Moisturizing Shave Gel for Men Extra Moisturizing with Vitamin E,Edgewell Personal Care,Edge,Shaving Cream,M,Walgreens,7,oz,1,2.99,0.427142857,https://www.walgreens.com/store/c/edge-extra-moisturizing-shave-gel-for-men-extra-moisturizing-with-vitamin-e/ID=prod6071709-product,"water, palmitic acid, triethanolamine, sunflower seed oil glyceride, isopentane, sorbitol, stearic acid, isobutane, pvp, fragrance, glycerin, peg/ppg-17/6 copolymer, panthenol, tocopheryl acetate, peg-90m, phytantriol, blue 1"
Dial Body Wash Silk & Magnolia,Henkel North American Consumer Goods,Dial,Body Wash,F,Walgreens,16,oz,1,3.99,0.249375,https://www.walgreens.com/store/c/dial-body-wash-silk-%26-magnolia/ID=prod6324065-product,"aqua (water, eau), sodium laureth sulfate, acrylates copolymer, cocamidopropyl betaine, sodium chloride, parfum (fragrance), hydrolyzed silk, glycerin, phenoxyethanol, hydroxyacetophenone, laureth-2, sodium hydroxide, sodium sulfate, polyquaternium-7, tetrasodium edta, peg-7 glyceryl cocoate, sodium benzoate, mica, ci 77891 (titanium dioxide), ci 17200 (red 33)"
Dial Men Body Wash Infinite Fresh,Henkel North American Consumer Goods,Dial,Body Wash,M,Walgreens,16,oz,1,3.99,0.249375,https://www.walgreens.com/store/c/dial-men-body-wash-infinite-fresh/ID=prod6374418-product,"aqua (water, eau), sodium laureth sulfate, cocamidopropyl betaine, parfum (fragrance), sodium chloride, glycerin, polyquaternium-7, peg-7 glyceryl cocoate, peg-200 hydrogenated glyceryl palmate, cocamide mea, sodium benzoate, citric acid, laureth-2, sodium sulfate, dmdm hydantoin, tetrasodium edta, ci 42090 (blue 1), ci 17200 (red 33)"
Dove Deep Moisture Body Wash,Unilever,Dove,Body Wash,F,Walgreens,22,oz,1,8.79,0.399545455,https://www.walgreens.com/store/c/dove-deep-moisture-body-wash/ID=prod14199-product,"water (aqua), cocamidopropyl betaine, sodium hydroxypropyl starch phosphate, lauric acid, sodium lauroyl glycinate, sodium lauroyl isethionate, hydrogenated soybean oil, glycine soja (soybean) oil, sodium chloride, glycerin, fragrance (parfum), stearic acid, palmitic acid, phenoxyethanol, guar hydroxypropyltrimonium chloride, citric acid, bht, tetrasodium edta, iodopropynyl butylcarbamate, linalool, limonene, hexyl cinnamal, coumarin, citronellol, benzyl alcohol, alpha-isomethyl ionone"
Dove Men+Care Micro Moisture Body Wash Extra Fresh,Unilever,Dove,Body Wash,M,Walgreens,13.5,oz,1,6.49,0.480740741,https://www.walgreens.com/store/c/dove-men-care-micro-moisture-body-wash-extra-fresh/ID=prod6013608-product,"water, sodium laureth sulfate, petrolatum, acrylates copolymer, fragrance, cocamide mea, ppg-9, menthol, ammonium chloride, dmdm hydantoin, tetrasodium edta, methylisothiazolinone, bht, blue 1, red 33, yellow 5"
Nivea Refreshing Wild Berries and Hibiscus with Nourishing Serum,Beiersdorf,Nivea,Body Wash,F,Walgreens,20,oz,1,6.99,0.3495,https://www.walgreens.com/store/c/nivea-refreshing-wild-berries-and-hibiscus-with-nourishing-serum/ID=300400821-product,"water, sodium laureth sulfate, cocamidopropyl betaine, peg-7 glyceryl cocoate, glycerin, panthenol, helianthus annuus (sunflower) seed oil, prunus amygdalus dulcis (sweet almond) oil, glycine soja (soybean) oil, tocopheryl acetate, palmitic acid, stearic acid, myristic acid, arachidic acid, oleic acid, sodium chloride, peg-3 distearate, citric acid, peg-40 hydrogenated castor oil, peg-200 hydrogenated glyceryl palmate, peg-90 glyceryl isostearate, polyquaternium-7, laureth-2, fragrance, sodium benzoate, sodium hydroxide, benzophenone-4, red 40, blue 1"
Nivea Men Energy Body Wash Energy,Beiersdorf,Nivea,Body Wash,M,Walgreens,16.9,oz,1,5.49,0.324852071,https://www.walgreens.com/store/c/nivea-men-energy-body-wash-energy/ID=prod4130134-product,"water, sodium laureth sulfate, cocamidopropyl betaine, peg-7 glyceryl cocoate, glycerin, menthol, alcohol denat., peg-200 hydrogenated glyceryl palmate, peg-40 hydrogenated castor oil, polyquaternium-7, fragrance, sodium chloride, citric acid, sodium benzoate, green 5"
Suave Naturals Body Wash Wild Cherry Blossom,Unilever,Suave,Body Wash,F,Walgreens,12,oz,1,2,0.166666667,https://www.walgreens.com/store/c/suave-naturals-body-wash-wild-cherry-blossom/ID=prod6021552-product,"water (aqua), sodium laureth sulfate, ammonium chloride, cocamide mea, fragrance (parfum), camellia sinensis leaf extract, prunus serrulata (cherry) flower extract, glycerin, citric acid, tetrasodium edta, ppg-9, tocopheryl acetate (vitamin e acetate), methylchloroisothiazolinone, methylisothiazolinone, red 33 (ci 17200), yellow 5 (ci 19140)"
Suave Men Body Wash Refresh,Unilever,Suave,Body Wash,M,Walgreens,15,oz,1,2,0.133333333,https://www.walgreens.com/store/c/suave-men-body-wash-refresh/ID=prod6005993-product,"water (aqua), sodium c12-13 pareth sulfate, cocamidopropyl betaine, sodium chloride, fragrance (parfum), sodium benzoate, citric acid, ppg-9, tetrasodium edta, glycerin, benzyl salicylate, citronellol, hexyl cinnamal, limonene, linalool, blue 1 (ci 42090), red 33 (ci 17200)"
Degree Women Antiperspirant Deodorant Stick Sexy Intrigue,Unilever,Degree,Deodorant,F,Walgreens,2.6,oz,1,6.29,2.419230769,https://www.walgreens.com/store/c/degree-women-antiperspirant-deodorant-stick-sexy-intrigue/ID=prod5634409-product,aluminum zirconium tetrachlorohydrex gly - 19.2 % (anti-perspirant)
Degree Men Antiperspirant Deodorant Sport,Unilever,Degree,Deodorant,M,Walgreens,2.7,oz,1,4.49,1.662962963,https://www.walgreens.com/store/c/degree-men-antiperspirant-deodorant-sport/ID=prod388411-product,aluminum zirconium tetrachlorohydrex gly - 18.2 % (antiperspirant)
Dove Advanced Care Antiperspirant Deodorant Original Clean,Unilever,Dove,Deodorant,F,Walgreens,2.6,oz,1,7.29,2.803846154,https://www.walgreens.com/store/c/dove-advanced-care-antiperspirant-deodorant-original-clean/ID=prod6259478-product,aluminum zirconium tetrachlorohydrex gly - 15.2 % (antiperspirant)
Dove Men+Care Antiperspirant Deodorant Clean Comfort,Unilever,Dove,Deodorant,M,Walgreens,2.7,oz,1,7.29,2.7,https://www.walgreens.com/store/c/dove-men-care-antiperspirant-deodorant-clean-comfort/ID=prod6054302-product,aluminum zirconium tetrachlorohydrex gly - 15.2 % (antiperspirant)
Mitchum for Women Advanced Invisible Solid Anti-Perspirant & Deodorant Pure Fresh,Revlon,Mitchum,Deodorant,F,Walgreens,2.7,oz,1,4.99,1.848148148,https://www.walgreens.com/store/c/mitchum-for-women-advanced-invisible-solid-anti-perspirant-%26-deodorant-pure-fresh/ID=prod6071227-product,aluminum zirconium tetrachlorohydrex gly - 20 %
Mitchum Men Advanced Clean Control Anti-Perspirant & Deodorant Invisible Solid Clean Control,Revlon,Mitchum,Deodorant,M,Walgreens,2.7,oz,1,4.99,1.848148148,https://www.walgreens.com/store/c/mitchum-men-advanced-clean-control-anti-perspirant-%26-deodorant-invisible-solid-clean-control/ID=prod6071225-product,aluminum zirconium tetrachlorohydrex gly - 20 %
Head and Shoulders Smooth & Silky 2in1 Dandruff Shampoo and Conditioner,Proctor & Gamble,Head & Shoulders,Hair Care,F,Walgreens,12.8,oz,1,5.99,0.46796875,https://www.walgreens.com/store/c/head-%26-shoulders-smooth-%26-silky-2in1-dandruff-shampoo-and-conditioner/ID=prod6371742-product,pyrithione zinc - 1 % (anti-dandruff)
Head and Shoulders Men Advanced Series 2in1 Charcoal Shampoo,Proctor & Gamble,Head & Shoulders,Hair Care,M,Walgreens,12.8,oz,1,5.99,0.46796875,https://www.walgreens.com/store/c/head-%26-shoulders-men-advanced-series-2in1-charcoal-shampoo/ID=prod6393457-product,pyrithione zinc - 1 % (anti-dandruff)
"Suave 2 in 1 Shampoo and Conditioner, Micellar Infusion Cleanse and Condition Shampoo and Conditioner 2 in 1 For All Hair Types 28 oz",Unilever,Suave,Hair Care,F,Walmart,28,oz,1,3.98,0.142142857,https://www.walmart.com/ip/Suave-2-in-1-Shampoo-and-Conditioner-Micellar-Infusion-Cleanse-and-Condition-Shampoo-and-Conditioner-2-in-1-For-All-Hair-Types-28-oz/983606961,water (aqua) sodium c12-13 pareth sulfate cocamidopropyl betaine dimethiconol citric acid sodium chloride fragrance sodium benzoate carbomer tea-dodecylbenzenesulfonate guar hydroxypropyltrimonium chloride disodium edta ppg-9 propylene glycol panthenol tocopheryl acetate benzyl salicylate hexyl cinnamal limonene linalool mica (ci 77019) titanium dioxide (ci 77891)
Suave for Men 2 in 1 Shampoo and Conditioner Ocean Charge 28 oz,Unilever,Suave,Hair Care,M,Walmart,28,oz,1,3.94,0.140714286,https://www.walmart.com/ip/Suave-2-in-1-Shampoo-and-Conditioner-Ocean-Charge-28-oz/121296022,"water (aqua), sodium laureth sulfate, cocamidopropyl betaine, sodium chloride, dimethiconol, fragrance (parfum), carbomer, glycol distearate, citric acid, guar hydroxypropyltrimonium chloride, tea-dodecylbenzenesulfonate, tetrasodium edta, dmdm hydantoin, propylene glycol, ppg-9, panthenol, methylchloroisothiazolinone, methylisothiazolinone, blue 1 (ci 42090), red 33 (ci 17200)."
"Vaseline Intensive Care Essential Healing Body Lotion, 10 fl. Oz.",Unilever,Vaseline,Lotion,F,Walmart,10,oz,1,3.68,0.368,https://www.walmart.com/ip/Vaseline-Intensive-Care-Essential-Healing-Body-Lotion-10-fl-Oz/10804599,"water (aqua), glycerin, stearic acid, isopropyl myristate, mineral oil, glyceryl stearate, glycol stearate, dimethicone, peg-100 stearate, petrolatum, cetyl alcohol, tapioca starch, phenoxyethanol, magnesium aluminum silicate, methylparaben, acrylates/c10-30 alkyl acrylate crosspolymer, fragrance (parfum), propylparaben, disodium edta, xanthan gum, stearamide amp, avena sativa (oat) straw extract, titanium dioxide (ci 77891)"
Vaseline Men Healing Moisture Hand and Body Lotion Extra Strength 10 fl. Oz.,Unilever,Vaseline,Lotion,M,Walmart,10,oz,1,3.48,0.348,https://www.walmart.com/ip/Vaseline-Men-Healing-Moisture-Hand-and-Body-Lotion-Extra-Strength-10-fl-Oz/12167262,"water, glycerin, petrolatum, stearic acid, glycol stearate, dimethicone, isopropyl isostearate, tapioca starch, glyceryl stearate, fragrance, triethanolamine, cetyl alcohol, carbomer, magnesium aluminum silicate, stearmide amp, methylparaben, propylparaben, phenoxyethanol, disodium edta, titanium dioxide."
Nivea Breathable Nourishing Body Lotion Tropical Breeze,Beiersdorf,Nivea,Lotion,F,Walgreens,13.5,oz,1,8.09,0.599259259,https://www.walgreens.com/store/c/nivea-breathable-nourishing-body-lotion-tropical-breeze/ID=300407816-product,"water, glycerin, c12-15 alkyl benzoate, cetearyl alcohol, butyrospermum parkii (shea) butter, glycine soja (soybean) oil, sodium ascorbyl phosphate, tocopherol, ppg-15 stearyl ether, acrylates/c10-30 alkyl acrylate crosspolymer, dimethicone, phenoxyethanol, fragrance, ethylhexylglycerin, sodium hydroxide, benzoic acid, bht"
Nivea Men Breathable Body Lotion for Men,Beiersdorf,Nivea,Lotion,M,Walgreens,13.5,oz,1,8.09,0.599259259,https://www.walgreens.com/store/c/nivea-men-breathable-body-lotion-for-men/ID=300407817-product,"alkyl acrylate crosspolymer, dimethicone, phenoxyethanol, fragrance, ethylhexylglycerin, sodium hydroxide, benzoic acid, bht"
Lubriderm Daily Moisture Lotion With Shea Butter Lavender Jasmine,Johnson & Johnson,Lubriderm,Lotion,F,Walgreens,16,oz,1,8.79,0.549375,https://www.walgreens.com/store/c/lubriderm-daily-moisture-lotion-with-shea-butter-lavender-jasmine/ID=prod6107951-product,"water, mineral oil, glycerin, caprylic/capric triglyceride, stearic acid, cetyl alcohol, cetearyl alcohol, butyrospermum parkii (shea) butter, dimethicone, petrolatum, ethylhexylglycerin, carbomer, fragrance, ceteareth-20, dmdm hydantoin, sodium hydroxide, tetrasodium edta, sodium citrate, panthenol, citric acid, lavandula angustifolia (lavender) flower extract, jasminum officinale (jasmine) flower extract, titanium dioxide"
"Lubriderm Men's 3-in-1 Body, Face & Post-Shave Lotion Fragrance Free",Johnson & Johnson,Lubriderm,Lotion,M,Walgreens,16,oz,1,8.99,0.561875,"https://www.walgreens.com/store/c/lubriderm-men's-3-in-1-body,-face-%26-post-shave-lotion-fragrance-free/ID=prod6062736-product","water, mineral oil, glycerin, capric triglyceride, caprylic, stearic acid, cetyl alcohol, cetearyl alcohol, dimethicone, petrolatum, ethylhexylglycerin, carbomer, ceteareth-20, dmdm hydantoin, sodium hydroxide, sodium citrate, panthenol, tocopheryl acetate, potassium lactate, citric acid, propylene glycol, aloe barbadensis leaf extract, magnesium aspartate, zinc gluconate, copper gluconate, titanium dioxide"
Vaseline Lotion Advanced Repair Unscented,Unilever,Vaseline,Lotion,F,Walgreens,10,oz,1,3.49,0.349,https://www.walgreens.com/store/c/vaseline-lotion-advanced-repair-unscented/ID=prod1401663-product,"water (aqua), glycerin, stearic acid, isopropyl palmitate, glycol stearate, peg-100 stearate, mineral oil, dimethicone, glyceryl stearate, petrolatum, cetyl alcohol, phenoxyethanol, acrylates/c10-30 alkyl acrylate crosspolymer, methylparaben, triethanolamine, propylparaben, stearamide amp, disodium edta, isopropyl myristate, cedrol"
Vaseline Men Healing Moisture Hand and Body Lotion Extra Strength,Unilever,Vaseline,Lotion,M,Walgreens,10,oz,1,3.49,0.349,https://www.walgreens.com/store/c/vaseline-men-healing-moisture-hand-and-body-lotion-extra-strength/ID=prod4103633-product,"water, glycerin, petrolatum, stearic acid, glycol stearate, dimethicone, isopropyl isostearate, tapioca starch, glyceryl stearate, fragrance, triethanolamine, cetyl alcohol, carbomer, magnesium aluminum silicate, stearmide amp, methylparaben, propylparaben, phenoxyethanol, disodium edta, titanium dioxide"
BIC Soleil Color Collection Razors,BIC,BIC,Razor,F,Walgreens,,,8,10.49,1.31125,https://www.walgreens.com/store/c/bic-soleil-color-collection-razors/ID=prod6170123-product,
"BIC Comfort 3 Sensitive for Men, Disposable Shaver",BIC,BIC,Razor,M,Walgreens,,,8,5.59,0.69875,"https://www.walgreens.com/store/c/bic-comfort-3-sensitive-for-men,-disposable-shaver/ID=prod6250480-product",
Schick Hydro Silk Sensitive Care Women's Razor,Edgewell Personal Care,Schick,Razor,F,Walgreens,,,1,10.29,10.29,https://www.walgreens.com/store/c/schick-hydro-silk-sensitive-care-women's-razor/ID=prod6209259-product,
Schick Hydro 5 Sense Sensitive Razor,Edgewell Personal Care,Schick,Razor,M,Walgreens,,,1,10.79,10.79,https://www.walgreens.com/store/c/schick-hydro-5-sense-sensitive-razor/ID=prod6370318-product,
Schick Hydro Silk Disposable Razors,Edgewell Personal Care,Schick,Razor,F,Walgreens,,,3,12.29,4.096666667,https://www.walgreens.com/store/c/schick-hydro-silk-disposable-razors/ID=prod6182731-product,
Schick Xtreme 5 Precision Trim Disposable Razors,Edgewell Personal Care,Schick,Razor,M,Walgreens,,,2,8.49,4.245,https://www.walgreens.com/store/c/schick-xtreme-5-precision-trim-disposable-razors/ID=300403328-product,
Gillette Venus Extra Smooth Pink Women's Razor Handle + 2 Blade Refills,Proctor & Gamble,Gillette,Razor,F,Walgreens,,,1,17.49,17.49,https://www.walgreens.com/store/c/gillette-venus-extra-smooth-pink-women's-razor-handle---2-blade-refills/ID=prod6013610-product,
Gillette Fusion Razor Handle + 2 Refills,Proctor & Gamble,Gillette,Razor,M,Walgreens,,,1,13.29,13.29,https://www.walgreens.com/store/c/gillette-fusion-razor-handle---2-refills/ID=prod6356853-product,
Gillette Venus Comfortglide Women's Razor Blade Refills Freesia,Proctor & Gamble,Gillette,Razor Cartridges,F,Walgreens,,,6,24.99,4.165,https://www.walgreens.com/store/c/gillette-venus-comfortglide-women's-razor-blade-refills-freesia/ID=prod5693220-product,
Gillette 3 Men's Razor Blade Refills,Proctor & Gamble,Gillette,Razor Cartridges,M,Walgreens,,,8,15.99,1.99875,https://www.walgreens.com/store/c/gillette-3-men's-razor-blade-refills/ID=prod6374687-product,
"Schick Hydro Silk 5 Sensitive Care Women's Razor Blade Refills, 4 Ct",Edgewell Personal Care,Schick,Razor Cartridges,F,Walmart,,,4,20.99,5.2475,https://www.walmart.com/ip/Schick-Hydro-Silk-5-Sensitive-Care-Women-s-Razor-Blade-Refills-4-Ct/34754457,
"Schick Hydro 5-Blade Skin Comfort Dry Skin Men's Razor Blade Refill, 4 Ct, Mens Razor, Specially Formulated For Dry Skin",Edgewell Personal Care,Schick,Razor Cartridges,M,Walmart,,,4,19.99,4.9975,https://www.walmart.com/ip/Schick-Hydro-5-Blade-Skin-Comfort-Dry-Skin-Men-s-Razor-Blade-Refill-4-Ct-Mens-Razor-Specially-Formulated-For-Dry-Skin/16627636?athbdg=L1300,
"Schick Quattro For Women Women's Razor Blade Refills, 10 Ct",Edgewell Personal Care,Schick,Razor Cartridges,F,Walmart,,,10,31.99,3.199,https://www.walmart.com/ip/Schick-Quattro-For-Women-Women-s-Razor-Blade-Refills-10-Ct/148950781,
"Schick Quattro Titanium Men's Razor Blade Refills, 6 Count",Edgewell Personal Care,Schick,Razor Cartridges,M,Walmart,,,6,11.07,1.845,https://www.walmart.com/ip/Schick-Quattro-Titanium-Men-s-Razor-Blade-Refills-6-Count/49607004,
Walgreen's Beauty Women's Shave Gel,Walgreens Boots Alliance,Walgreens,Shaving Cream,F,Walgreens,7,oz,1,2.99,0.427142857,https://www.walgreens.com/store/c/walgreens-beauty-women's-shave-gel/ID=300422887-product,"water, palmitic acid, triethanolamine, isopentane, sunflower seed oil glyceride, glycerin, propylene glycol, stearic acid, sorbitol, isobutane, acrylic acid/vp crosspolymer, lanolin alcohol, fragrance, tocopheryl acetate, hydroxypropyl methylcellulose, peg-90m, hydrogenated olive oil, olea europaea (olive) fruit oil, hydroxyethylcellulose, titanium dioxide, red 40"
Walgreen's Beauty Men's Sensitive Shave Gel,Walgreens Boots Alliance,Walgreens,Shaving Cream,M,Walgreens,7,oz,1,2.99,0.427142857,https://www.walgreens.com/store/c/walgreens-beauty-men's-sensitive-shave-gel/ID=300422886-product,"water, palmitic acid, triethanolamine, isopentane, sunflower seed oil glyceride, glycerin, propylene glycol, stearic acid, sorbitol, aloe barbadensis leaf juice, fragrance, acrylic acid/vp crosspolymer, isobutane, hydroxypropyl methylcellulose, peg-90m, hydroxyethylcellulose, blue 1"
"Gillette Satin Care Ultra Sensitive Womens Shave Gel, 7 Oz",Proctor & Gamble,Gillette,Shaving Cream,F,Walmart,7,oz,1,6.23,0.89,https://www.walmart.com/ip/Gillette-Satin-Care-Ultra-Sensitive-Womens-Shave-Gel-7-Oz/38587425?athbdg=L1600,"water/eau, glycerin, palmitic acid, triethanolamine, stearic acid, isopentane, glyceryl oleate, isobutane, sorbitol, fragrance/parfum, hydroxyethylcellulose, ptfe, peg-90m, peg-23m, propylene glycol, butyrospermum parkii (shea butter) extract, hydrolyzed silk, blue 1, glycol"
"Gillette Barbershop Fresh Shave Gel for Sensitive Skin, 7 oz",Proctor & Gamble,Gillette,Shaving Cream,M,Walmart,7,oz,1,5.03,0.718571429,https://www.walmart.com/ip/Gillette-Barbershop-Fresh-Shave-Gel-for-Sensitive-Skin-7-oz/395773972,"water, palmitic acid, triethanolamine, isopentane, glyceryl oleate, stearic acid, sorbitol, isobutane, hydroxyethylcellulose, fragrance, peg-90m, peg-23m, yellow 8, blue 1"
"Skintimate Skin Therapy Dry Skin Women's Shave Gel Twin Pack, 14 Oz.",Edgewell Personal Care,Skintimate,Shaving Cream,F,Walmart,7,oz,2,5.34,0.381428571,https://www.walmart.com/ip/Skintimate-Skin-Therapy-Dry-Skin-Women-s-Shave-Gel-Twin-Pack-14-Oz/20557859,"water, palmitic acid, triethanolamine, sunflower seed oil, glyceride, isopentane, sorbitol, stearic acid, isobutane, lanolin alcohol, pvp, tocopheryl acetate, peg-90m, hydrogenated vegetable oil, olea europaea (olive) fruit oil, fragrance, titanium dioxide, red 40."
"Edge Sensitive Skin Shave Gel for Men with Aloe, Twin Pack, 14 oz",Edgewell Personal Care,Edge,Shaving Cream,M,Walmart,7,oz,2,5.99,0.427857143,https://www.walmart.com/ip/Edge-Sensitive-Skin-Shave-Gel-for-Men-with-Aloe-Twin-Pack-14-oz/20557858?athbdg=L1200,"water, palmitic acid, triethanolamine, sunflower seed oil glyceride, isopentane, sorbitol, stearic acid, isobutane, pvp, fragrance, glycerin, tocopheryl acetate, peg-90m, aloe barbadensis leaf juice, blue 1.peg-115m, ceramide ng, titanium dioxide, zinc stearate, cyclodextrin, aloe barbadensis leaf juice, avena sativa (oat) kernel flour, panthenol, sodium hyaluronate, tocopherol, maltodextrin, water"
"Equate Shave Gel with Argan Oil, Coconut, 7 oz",Walmart,Equate,Shaving Cream,F,Walmart,7,oz,1,1.98,0.282857143,https://www.walmart.com/ip/Equate-Shave-Gel-with-Argan-Oil-Coconut-7-oz/560486688,
"Equate Sensitive Skin Shave Gel With Aloe, 7 oz",Walmart,Equate,Shaving Cream,M,Walmart,7,oz,1,1.97,0.281428571,https://www.walmart.com/ip/Equate-Sensitive-Skin-Shave-Gel-With-Aloe-7-oz/230378824,
"Flamingo Women's Foaming Shave Gel with Aloe Vera, 6.7 oz",Direct to Consumer,Flamingo,Shaving Cream,F,Walmart,6.7,oz,1,4.97,0.741791045,https://www.walmart.com/ip/Flamingo-Women-s-Foaming-Shave-Gel-with-Aloe-Vera-6-7-oz/572380145,"water/aqua/eau, aloe barbadensis (aloe vera) leaf juice, palmitic acid, triethanolamine, isopentane, stearic acid, laureth-23, sorbitol, isobutane, glyceryl oleate, fragrance/parfum, phenoxyethanol, glycerin, hydroxyethylcellulose, bisabolol, allantoin, titanium dioxide (ci 77891), hydroxypropylcellulose, sodium nitrate, silica, sodium acetate, butylphenylmethylpropional"
"Harry's Shave Gel, Men's Shaving Gel with Aloe, Net Wt 6.7 oz",Direct to Consumer,Harry's,Shaving Cream,M,Walmart,6.7,oz,1,6,0.895522388,https://www.walmart.com/ip/Harry-s-Shave-Gel-Men-s-Shaving-Gel-with-Aloe-Net-Wt-6-7-oz/753762237,"water (aqua), palmitic acid, triethanolamine, aloe barbadensis (aloe vera) leaf juice, sorbitan stearate, methyl gluceth-20, stearic acid, sorbitol, sodium hyaluronate, tocopheryl acetate, panthenol, citrus aurantium bergamia (bergamot) fruit oil, cucumis sativus (cucumber) fruit extract, glycyrrhiza glabra (licorice) root extract, silybum marianum (milk thistle) extract, peg-40 hydrogenated castor oil, sun ower seed oil glycerides, hydroxyethylcellulose, dimethicone peg/ppg-20/23 benzoate, dimethicone peg-8 benzoate, hydroxypropyl methylcellulose, glycerin, diethanolamine, sodium nitrate, sodium chloride, butylene glycol, fragrance (parfum), phenoxyethanol, chlorphenesin, benzoic acid, sorbic acid, blue 1 (ci 42090)"